Workbook

Sheet Start
B1: Wereldreis Oost- & Zuidoost-Azië — begroting
B2: Route: YourAtlas 'East & Southeast Asia Grand Tour 🐉' · 15 landen · 290 dagen · vertrek ±15 aug 2027 · alle bedragen per persoon
B4: ZO GEBRUIK JE DIT
A5: 1 | B5: Instellingen: kies vertrekdatum, of je een kamer deelt (accommodatie-factor), buffer % en de budget-/comfortfactoren.
A6: 2 | B6: Vooraf & vast: vul je vaste lasten thuis per maand in (gele cellen). Het aantal maanden rekent zichzelf uit.
A7: 3 | B7: Extra's: zet per tour/visum 'Meenemen' op Ja of Nee (keuzelijst). Optionele dingen staan standaard op Nee.
A8: 4 | B8: Per land: pas het aantal dagen aan als je de route verandert — data, dagkosten en totalen rekenen mee.
A9: 5 | B9: Overzicht: totaal in drie niveaus (Budget / Basis / Comfort), per dag, per maand en per regio.
A10: 6 | B10: Tijdens boeken en reizen: vul de oranje WERKELIJK-kolommen in (Per land, Vervoer, Extra's, Vooraf). Zet de status op 'Geboekt'. Het Overzicht toont dan hoeveel je al kwijt bent.
B12: KLEUREN
B13: Blauwe tekst = invoer die je mag aanpassen · Gele cel = belangrijke keuze/aanname · Oranje cel = werkelijk betaald · Zwart = formule (niet aankomen) · Groen = haalt waarde uit ander tabblad
B15: STATUS VAN PRIJZEN
B16: 'Gecheckt 2026-10' = opgezocht bij aanbieder/vergelijkingssite in oktober 2026 (bron in de toelichting) · 'Deels gecheckt' = een deel van de trajecten/bedragen gevonden, rest geschat · 'Schatting' = onderbouwde inschatting, nog niet hard gevonden · 'Geboekt' = zet je zelf als je het betaald hebt.
B17: Prijzen zijn 2026-snapshots; de prijsstijging naar 2027-28 zit in Instellingen (4%). Check vluchten en visa ±3-4 maanden voor vertrek opnieuw.
B19: LET OP — OPENBARE REPOSITORY
B20: Dit bestand staat in de YourAtlas-repository, en die is openbaar op GitHub. Zet hier geen persoonlijke gegevens in die niemand mag zien (bv. huur, salaris, rekeningnummers) als je het commit en pusht.

Sheet Overzicht
A1: Wereldreis Oost- & Zuidoost-Azië — totale begroting (per persoon)
A2: Gebaseerd op YourAtlas-route 'East & Southeast Asia Grand Tour 🐉' (15 landen, 290 dagen). Alles rekent live door: pas Instellingen, Per land, Vervoer, Extra's en Vooraf & vast aan.
A4: Kostenpost | B4: Budget | C4: Basis | D4: Comfort | E4: WERKELIJK | F4: Wat zit erin
A5: Dagkosten (verblijf, eten, lokaal vervoer, kleine activiteiten) | B5: ='Per land'!N22 -> 12650.872 | C5: ='Per land'!O22 -> 19443.84 | D5: ='Per land'!P22 -> 32731.92 | E5: ='Per land'!AD22 -> 0 | F5: Dagbedrag × dagen per land.
A6: Vervoer binnen landen | B6: =SUMIFS(Vervoer!F:F,Vervoer!$D:$D,"Binnenlands")*Instellingen!$B$6 -> 1991.6 | C6: =SUMIFS(Vervoer!G:G,Vervoer!$D:$D,"Binnenlands")*Instellingen!$B$6 -> 2691.52 | D6: =SUMIFS(Vervoer!H:H,Vervoer!$D:$D,"Binnenlands")*Instellingen!$B$6 -> 3983.2 | E6: =SUMIFS(Vervoer!J:J,Vervoer!$D:$D,"Binnenlands") -> 0 | F6: Treinen, bussen, binnenlandse vluchten, ferries.
A7: Vervoer tussen landen | B7: =SUMIFS(Vervoer!F:F,Vervoer!$D:$D,"Tussen landen")*Instellingen!$B$6 -> 1196 | C7: =SUMIFS(Vervoer!G:G,Vervoer!$D:$D,"Tussen landen")*Instellingen!$B$6 -> 1589.12 | D7: =SUMIFS(Vervoer!H:H,Vervoer!$D:$D,"Tussen landen")*Instellingen!$B$6 -> 2371.2 | E7: =SUMIFS(Vervoer!J:J,Vervoer!$D:$D,"Tussen landen") -> 0 | F7: Grensovergangen per trein/boot/bus en vluchten tussen landen.
A8: Vluchten Nederland heen & terug | B8: =SUMIFS(Vervoer!F:F,Vervoer!$D:$D,"Internationaal")*Instellingen!$B$6 -> 832 | C8: =SUMIFS(Vervoer!G:G,Vervoer!$D:$D,"Internationaal")*Instellingen!$B$6 -> 1071.2 | D8: =SUMIFS(Vervoer!H:H,Vervoer!$D:$D,"Internationaal")*Instellingen!$B$6 -> 1508 | E8: =SUMIFS(Vervoer!J:J,Vervoer!$D:$D,"Internationaal") -> 0 | F8: Open-jaw: AMS → Ulaanbaatar, Singapore → AMS.
A9: Tours, toegang & activiteiten | B9: =SUMIFS('Extra''s'!F:F,'Extra''s'!$E:$E,"Ja",'Extra''s'!$C:$C,"<>Visum")*Instellingen!$B$6 -> 2059.2 | C9: =SUMIFS('Extra''s'!G:G,'Extra''s'!$E:$E,"Ja",'Extra''s'!$C:$C,"<>Visum")*Instellingen!$B$6 -> 2961.92 | D9: =SUMIFS('Extra''s'!H:H,'Extra''s'!$E:$E,"Ja",'Extra''s'!$C:$C,"<>Visum")*Instellingen!$B$6 -> 4859.92 | E9: =SUMIFS('Extra''s'!J:J,'Extra''s'!$C:$C,"<>Visum",'Extra''s'!$C:$C,"<>") -> 0 | F9: Gobi, Ha Long, Komodo, Angkor, El Nido–Coron, enz.
A10: Visa | B10: =SUMIFS('Extra''s'!F:F,'Extra''s'!$E:$E,"Ja",'Extra''s'!$C:$C,"Visum")*Instellingen!$B$6 -> 244.4 | C10: =SUMIFS('Extra''s'!G:G,'Extra''s'!$E:$E,"Ja",'Extra''s'!$C:$C,"Visum")*Instellingen!$B$6 -> 278.72 | D10: =SUMIFS('Extra''s'!H:H,'Extra''s'!$E:$E,"Ja",'Extra''s'!$C:$C,"Visum")*Instellingen!$B$6 -> 372.32 | E10: =SUMIFS('Extra''s'!J:J,'Extra''s'!$C:$C,"Visum") -> 0 | F10: Cambodja, Laos, Indonesië (+ China als de visumvrije regeling niet verlengd wordt). Check vlak voor vertrek.
A11: Vooraf: verzekering, vaccinaties, uitrusting, sim | B11: ='Vooraf & vast'!C10 -> 1600 | C11: ='Vooraf & vast'!D10 -> 2340 | D11: ='Vooraf & vast'!E10 -> 3770 | E11: ='Vooraf & vast'!G10 -> 0
A12: Vaste lasten thuis | B12: ='Vooraf & vast'!C19 -> 0 | C12: ='Vooraf & vast'!D19 -> 0 | D12: ='Vooraf & vast'!E19 -> 0 | E12: ='Vooraf & vast'!D19 -> 0 | F12: Zelf invullen op tabblad Vooraf & vast (Werkelijk = zelfde bedrag als gepland).
A13: Bank-, pin- en wisselkosten | B13: =SUM(B5:B6,B9)*Instellingen!$B$9 -> 250.52508 | C13: =SUM(C5:C6,C9)*Instellingen!$B$9 -> 376.4592 | D13: =SUM(D5:D6,D9)*Instellingen!$B$9 -> 623.6256 | F13: % van wat je ter plaatse uitgeeft (dagkosten, binnenlands vervoer, tours). Bij Werkelijk zitten bankkosten al in je uitgaven.
A14: Subtotaal | B14: =SUM(B5:B13) -> 20824.597 | C14: =SUM(C5:C13) -> 30752.779 | D14: =SUM(D5:D13) -> 50220.186 | E14: =SUM(E5:E13) -> 0
A15: Buffer onvoorzien | B15: =SUM(B5:B10)*Instellingen!$B$8 -> 1897.4072 | C15: =SUM(C5:C10)*Instellingen!$B$8 -> 2803.632 | D15: =SUM(D5:D10)*Instellingen!$B$8 -> 4582.656 | F15: % van de reiskosten (excl. vaste lasten thuis).
A16: TOTAAL | B16: =B14+B15 -> 22722.004 | C16: =C14+C15 -> 33556.411 | D16: =D14+D15 -> 54802.842 | E16: =E14 -> 0
A18: Kengetallen
A19: Reisdagen | B19: ='Per land'!D22 -> 290
A20: Gemiddeld per dag (alles inbegrepen) | B20: =IF($B$19>0,B16/$B$19,0) -> 78.351739 | C20: =IF($B$19>0,C16/$B$19,0) -> 115.71176 | D20: =IF($B$19>0,D16/$B$19,0) -> 188.97532
A21: Gemiddeld per maand (alles inbegrepen) | B21: =IF($B$19>0,B16/$B$19*30.4,0) -> 2381.8929 | C21: =IF($B$19>0,C16/$B$19*30.4,0) -> 3517.6376 | D21: =IF($B$19>0,D16/$B$19*30.4,0) -> 5744.8496
A22: Huidig YourAtlas-budget (alleen dagkosten, 2026-prijzen) | B22: ='Per land'!AC22 -> 18700
A23: Verschil Basis-totaal t.o.v. huidig YourAtlas-budget | C23: =C16-B22 -> 14856.411 | F23: Dit is wat er nu nog níet in de route-budgetten van YourAtlas zit.
A24: Al uitgegeven t.o.v. Basis-totaal | E24: =IF(C16>0,E16/C16,0) -> 0 | F24: Vul tijdens het boeken/reizen de oranje WERKELIJK-kolommen in; dit percentage loopt dan mee.
A26: Per regio (dagkosten + vervoer + extra's, excl. vluchten NL en vooraf) | B26: Budget | C26: Basis | D26: Comfort | E26: Dagen
A27: Mongolië & China | B27: =SUMIFS('Per land'!W5:W21,'Per land'!$B$5:$B$21,$A27) -> 3714.308 | C27: =SUMIFS('Per land'!X5:X21,'Per land'!$B$5:$B$21,$A27) -> 5345.6 | D27: =SUMIFS('Per land'!Y5:Y21,'Per land'!$B$5:$B$21,$A27) -> 8525.4 | E27: =SUMIFS('Per land'!D5:D21,'Per land'!$B$5:$B$21,$A27) -> 52
A28: Korea & Japan | B28: =SUMIFS('Per land'!W5:W21,'Per land'!$B$5:$B$21,$A28) -> 3962.712 | C28: =SUMIFS('Per land'!X5:X21,'Per land'!$B$5:$B$21,$A28) -> 6080.88 | D28: =SUMIFS('Per land'!Y5:Y21,'Per land'!$B$5:$B$21,$A28) -> 10260.12 | E28: =SUMIFS('Per land'!D5:D21,'Per land'!$B$5:$B$21,$A28) -> 38
A29: Taiwan | B29: =SUMIFS('Per land'!W5:W21,'Per land'!$B$5:$B$21,$A29) -> 888.16 | C29: =SUMIFS('Per land'!X5:X21,'Per land'!$B$5:$B$21,$A29) -> 1327.04 | D29: =SUMIFS('Per land'!Y5:Y21,'Per land'!$B$5:$B$21,$A29) -> 2210 | E29: =SUMIFS('Per land'!D5:D21,'Per land'!$B$5:$B$21,$A29) -> 14
A30: Vasteland Zuidoost-Azië | B30: =SUMIFS('Per land'!W5:W21,'Per land'!$B$5:$B$21,$A30) -> 3441.672 | C30: =SUMIFS('Per land'!X5:X21,'Per land'!$B$5:$B$21,$A30) -> 5052.32 | D30: =SUMIFS('Per land'!Y5:Y21,'Per land'!$B$5:$B$21,$A30) -> 8131.76 | E30: =SUMIFS('Per land'!D5:D21,'Per land'!$B$5:$B$21,$A30) -> 77
A31: Maleisië, Borneo & Filipijnen | B31: =SUMIFS('Per land'!W5:W21,'Per land'!$B$5:$B$21,$A31) -> 2893.124 | C31: =SUMIFS('Per land'!X5:X21,'Per land'!$B$5:$B$21,$A31) -> 4347.2 | D31: =SUMIFS('Per land'!Y5:Y21,'Per land'!$B$5:$B$21,$A31) -> 7468.24 | E31: =SUMIFS('Per land'!D5:D21,'Per land'!$B$5:$B$21,$A31) -> 49
A32: Indonesië & Oost-Timor | B32: =SUMIFS('Per land'!W5:W21,'Per land'!$B$5:$B$21,$A32) -> 2917.616 | C32: =SUMIFS('Per land'!X5:X21,'Per land'!$B$5:$B$21,$A32) -> 4292.08 | D32: =SUMIFS('Per land'!Y5:Y21,'Per land'!$B$5:$B$21,$A32) -> 6839.04 | E32: =SUMIFS('Per land'!D5:D21,'Per land'!$B$5:$B$21,$A32) -> 56
A33: Singapore | B33: =SUMIFS('Per land'!W5:W21,'Per land'!$B$5:$B$21,$A33) -> 324.48 | C33: =SUMIFS('Per land'!X5:X21,'Per land'!$B$5:$B$21,$A33) -> 520 | D33: =SUMIFS('Per land'!Y5:Y21,'Per land'!$B$5:$B$21,$A33) -> 884 | E33: =SUMIFS('Per land'!D5:D21,'Per land'!$B$5:$B$21,$A33) -> 4

Sheet Instellingen
A1: Instellingen — pas hier de knoppen aan
A2: Legenda: blauwe tekst = invoer die je mag wijzigen · gele cel = belangrijke aanname · zwart = formule · groen = verwijzing naar ander tabblad
A4: Algemeen
A5: Vertrekdatum | B5: 46614 | E5: YourAtlas-route: start ±15 aug 2027 (Mongolië alleen goed in de zomer).
A6: Prijsstijging 2026 → reisjaar (factor) | B6: 1.04 | E6: YourAtlas-prijzen zijn 2026-snapshots; reis valt in 2027-28. ±3-4% inflatie per jaar.
A7: Accommodatie-factor (1,00 = alleen, ±0,60 = kamer delen) | B7: 1 | E7: Reis je met z'n tweeën en deel je een kamer, dan zakt je verblijfskosten per persoon flink. Alleen op accommodatie toegepast.
A8: Buffer onvoorzien (% van reiskosten) | B8: 0.1 | E8: Ziekte, gemiste verbinding, iets kapot/gestolen, een extra tour die je toch wilt doen. 10-15% is gebruikelijk.
A9: Bank-, pin- en wisselkosten (% van uitgaven ter plaatse) | B9: 0.015 | E9: Met Wise/Revolut ±0,5-1%, met een gewone NL-bankpas buiten de EU al snel 2-3% + €2-5 per opname.
A10: Maanden vaste lasten thuis (automatisch) | B10: =ROUNDUP('Per land'!D22/30.4,0) -> 10 | E10: Rekent zelf uit: reisdagen / 30,4, naar boven afgerond. Overschrijf alleen als je bv. eerder je huis opzegt.
A12: Budgetniveaus — vermenigvuldiger t.o.v. Basis per kostensoort | B12: Budget | C12: Basis | D12: Comfort
A13: Accommodatie | B13: 0.6 | C13: 1 | D13: 2 | E13: Budget = slaapzaal/simpelste guesthouse · Basis = YourAtlas-niveau (mix dorm/eenvoudige privékamer) · Comfort = privékamer met badkamer / 2-3* hotel.
A14: Eten & drinken | B14: 0.75 | C14: 1 | D14: 1.5 | E14: Budget = alleen straatvoedsel/lokaal · Comfort = vaker restaurants, westers eten, drankjes.
A15: Lokaal vervoer & kleine uitgaven | B15: 0.8 | C15: 1 | D15: 1.5 | E15: Bus/metro vs. vaker Grab/taxi; incl. was, toiletspullen, simkaart-opwaarderen.
A16: Activiteiten & toegang (dagelijks) | B16: 0.5 | C16: 1 | D16: 1.5 | E16: Musea, tempels, kleine tours. Grote tours/boottochten staan apart op tabblad Extra's.
A18: Vervoer en extra's hebben per regel een eigen Budget/Basis/Comfort-bedrag (tabbladen Vervoer en Extra's).

Sheet Per land
A1: Per land — dagkosten + vervoer + extra's, in drie budgetniveaus (per persoon)
A2: Blauw = invoer. Basis-dagbedragen zijn de YourAtlas-dagtarieven, opgesplitst per kostensoort. Vervoer = binnen het land + de rit naar het volgende land (excl. vluchten NL heen/terug). Bedragen incl. prijsstijging uit Instellingen.
A4: Blok | B4: Regio | C4: Land | D4: Dagen | E4: Van | F4: Tot | G4: Basis: verblijf €/dag | H4: Basis: eten €/dag | I4: Basis: lokaal vervoer €/dag | J4: Basis: activiteiten €/dag | K4: €/dag Budget | L4: €/dag Basis | M4: €/dag Comfort | N4: Dagkosten Budget | O4: Dagkosten Basis | P4: Dagkosten Comfort | Q4: Vervoer Budget | R4: Vervoer Basis | S4: Vervoer Comfort | T4: Extra's Budget | U4: Extra's Basis | V4: Extra's Comfort | W4: TOTAAL Budget | X4: TOTAAL Basis | Y4: TOTAAL Comfort | Z4: All-in €/dag Budget | AA4: All-in €/dag Basis | AB4: All-in €/dag Comfort | AC4: Huidig budget in YourAtlas | AD4: WERKELIJK uitgegeven (dagkosten) | AE4: Verschil met Basis
A5: MN | B5: Mongolië & China | C5: Mongolië | D5: 17 | E5: =Instellingen!$B$5 -> 46614 | F5: =E5+D5 -> 46631 | G5: 20 | H5: 18 | I5: 12 | J5: 15 | K5: =(G5*Instellingen!$B$13*Instellingen!$B$7+H5*Instellingen!$B$14+I5*Instellingen!$B$15+J5*Instellingen!$B$16)*Instellingen!$B$6 -> 44.304 | L5: =(G5*Instellingen!$C$13*Instellingen!$B$7+H5*Instellingen!$C$14+I5*Instellingen!$C$15+J5*Instellingen!$C$16)*Instellingen!$B$6 -> 67.6 | M5: =(G5*Instellingen!$D$13*Instellingen!$B$7+H5*Instellingen!$D$14+I5*Instellingen!$D$15+J5*Instellingen!$D$16)*Instellingen!$B$6 -> 111.8 | N5: =K5*D5 -> 753.168 | O5: =L5*D5 -> 1149.2 | P5: =M5*D5 -> 1900.6 | Q5: =SUMIFS(Vervoer!$F:$F,Vervoer!$A:$A,$A5,Vervoer!$D:$D,"<>Internationaal")*Instellingen!$B$6 -> 374.4 | R5: =SUMIFS(Vervoer!$G:$G,Vervoer!$A:$A,$A5,Vervoer!$D:$D,"<>Internationaal")*Instellingen!$B$6 -> 462.8 | S5: =SUMIFS(Vervoer!$H:$H,Vervoer!$A:$A,$A5,Vervoer!$D:$D,"<>Internationaal")*Instellingen!$B$6 -> 665.6 | T5: =SUMIFS('Extra''s'!$F:$F,'Extra''s'!$A:$A,$A5,'Extra''s'!$E:$E,"Ja")*Instellingen!$B$6 -> 572 | U5: =SUMIFS('Extra''s'!$G:$G,'Extra''s'!$A:$A,$A5,'Extra''s'!$E:$E,"Ja")*Instellingen!$B$6 -> 728 | V5: =SUMIFS('Extra''s'!$H:$H,'Extra''s'!$A:$A,$A5,'Extra''s'!$E:$E,"Ja")*Instellingen!$B$6 -> 1040 | W5: =N5+Q5+T5 -> 1699.568 | X5: =O5+R5+U5 -> 2340 | Y5: =P5+S5+V5 -> 3606.2 | Z5: =IF(D5>0,W5/D5,0) -> 99.974588 | AA5: =IF(D5>0,X5/D5,0) -> 137.64706 | AB5: =IF(D5>0,Y5/D5,0) -> 212.12941 | AC5: 1105 | AE5: =IF(AD5="","",AD5-O5)
A6: CN | B6: Mongolië & China | C6: China | D6: 35 | E6: =F5 -> 46631 | F6: =E6+D6 -> 46666 | G6: 22 | H6: 15 | I6: 8 | J6: 13 | K6: =(G6*Instellingen!$B$13*Instellingen!$B$7+H6*Instellingen!$B$14+I6*Instellingen!$B$15+J6*Instellingen!$B$16)*Instellingen!$B$6 -> 38.844 | L6: =(G6*Instellingen!$C$13*Instellingen!$B$7+H6*Instellingen!$C$14+I6*Instellingen!$C$15+J6*Instellingen!$C$16)*Instellingen!$B$6 -> 60.32 | M6: =(G6*Instellingen!$D$13*Instellingen!$B$7+H6*Instellingen!$D$14+I6*Instellingen!$D$15+J6*Instellingen!$D$16)*Instellingen!$B$6 -> 101.92 | N6: =K6*D6 -> 1359.54 | O6: =L6*D6 -> 2111.2 | P6: =M6*D6 -> 3567.2 | Q6: =SUMIFS(Vervoer!$F:$F,Vervoer!$A:$A,$A6,Vervoer!$D:$D,"<>Internationaal")*Instellingen!$B$6 -> 364 | R6: =SUMIFS(Vervoer!$G:$G,Vervoer!$A:$A,$A6,Vervoer!$D:$D,"<>Internationaal")*Instellingen!$B$6 -> 468 | S6: =SUMIFS(Vervoer!$H:$H,Vervoer!$A:$A,$A6,Vervoer!$D:$D,"<>Internationaal")*Instellingen!$B$6 -> 717.6 | T6: =SUMIFS('Extra''s'!$F:$F,'Extra''s'!$A:$A,$A6,'Extra''s'!$E:$E,"Ja")*Instellingen!$B$6 -> 291.2 | U6: =SUMIFS('Extra''s'!$G:$G,'Extra''s'!$A:$A,$A6,'Extra''s'!$E:$E,"Ja")*Instellingen!$B$6 -> 426.4 | V6: =SUMIFS('Extra''s'!$H:$H,'Extra''s'!$A:$A,$A6,'Extra''s'!$E:$E,"Ja")*Instellingen!$B$6 -> 634.4 | W6: =N6+Q6+T6 -> 2014.74 | X6: =O6+R6+U6 -> 3005.6 | Y6: =P6+S6+V6 -> 4919.2 | Z6: =IF(D6>0,W6/D6,0) -> 57.564 | AA6: =IF(D6>0,X6/D6,0) -> 85.874286 | AB6: =IF(D6>0,Y6/D6,0) -> 140.54857 | AC6: 2030 | AE6: =IF(AD6="","",AD6-O6)
A7: KR | B7: Korea & Japan | C7: Zuid-Korea | D7: 7 | E7: =F6 -> 46666 | F7: =E7+D7 -> 46673 | G7: 28 | H7: 20 | I7: 7 | J7: 10 | K7: =(G7*Instellingen!$B$13*Instellingen!$B$7+H7*Instellingen!$B$14+I7*Instellingen!$B$15+J7*Instellingen!$B$16)*Instellingen!$B$6 -> 44.096 | L7: =(G7*Instellingen!$C$13*Instellingen!$B$7+H7*Instellingen!$C$14+I7*Instellingen!$C$15+J7*Instellingen!$C$16)*Instellingen!$B$6 -> 67.6 | M7: =(G7*Instellingen!$D$13*Instellingen!$B$7+H7*Instellingen!$D$14+I7*Instellingen!$D$15+J7*Instellingen!$D$16)*Instellingen!$B$6 -> 115.96 | N7: =K7*D7 -> 308.672 | O7: =L7*D7 -> 473.2 | P7: =M7*D7 -> 811.72 | Q7: =SUMIFS(Vervoer!$F:$F,Vervoer!$A:$A,$A7,Vervoer!$D:$D,"<>Internationaal")*Instellingen!$B$6 -> 83.2 | R7: =SUMIFS(Vervoer!$G:$G,Vervoer!$A:$A,$A7,Vervoer!$D:$D,"<>Internationaal")*Instellingen!$B$6 -> 137.28 | S7: =SUMIFS(Vervoer!$H:$H,Vervoer!$A:$A,$A7,Vervoer!$D:$D,"<>Internationaal")*Instellingen!$B$6 -> 234 | T7: =SUMIFS('Extra''s'!$F:$F,'Extra''s'!$A:$A,$A7,'Extra''s'!$E:$E,"Ja")*Instellingen!$B$6 -> 31.2 | U7: =SUMIFS('Extra''s'!$G:$G,'Extra''s'!$A:$A,$A7,'Extra''s'!$E:$E,"Ja")*Instellingen!$B$6 -> 46.8 | V7: =SUMIFS('Extra''s'!$H:$H,'Extra''s'!$A:$A,$A7,'Extra''s'!$E:$E,"Ja")*Instellingen!$B$6 -> 78 | W7: =N7+Q7+T7 -> 423.072 | X7: =O7+R7+U7 -> 657.28 | Y7: =P7+S7+V7 -> 1123.72 | Z7: =IF(D7>0,W7/D7,0) -> 60.438857 | AA7: =IF(D7>0,X7/D7,0) -> 93.897143 | AB7: =IF(D7>0,Y7/D7,0) -> 160.53143 | AC7: 455 | AE7: =IF(AD7="","",AD7-O7)
A8: JP | B8: Korea & Japan | C8: Japan | D8: 31 | E8: =F7 -> 46673 | F8: =E8+D8 -> 46704 | G8: 60 | H8: 40 | I8: 25 | J8: 25 | K8: =(G8*Instellingen!$B$13*Instellingen!$B$7+H8*Instellingen!$B$14+I8*Instellingen!$B$15+J8*Instellingen!$B$16)*Instellingen!$B$6 -> 102.44 | L8: =(G8*Instellingen!$C$13*Instellingen!$B$7+H8*Instellingen!$C$14+I8*Instellingen!$C$15+J8*Instellingen!$C$16)*Instellingen!$B$6 -> 156 | M8: =(G8*Instellingen!$D$13*Instellingen!$B$7+H8*Instellingen!$D$14+I8*Instellingen!$D$15+J8*Instellingen!$D$16)*Instellingen!$B$6 -> 265.2 | N8: =K8*D8 -> 3175.64 | O8: =L8*D8 -> 4836 | P8: =M8*D8 -> 8221.2 | Q8: =SUMIFS(Vervoer!$F:$F,Vervoer!$A:$A,$A8,Vervoer!$D:$D,"<>Internationaal")*Instellingen!$B$6 -> 364 | R8: =SUMIFS(Vervoer!$G:$G,Vervoer!$A:$A,$A8,Vervoer!$D:$D,"<>Internationaal")*Instellingen!$B$6 -> 504.4 | S8: =SUMIFS(Vervoer!$H:$H,Vervoer!$A:$A,$A8,Vervoer!$D:$D,"<>Internationaal")*Instellingen!$B$6 -> 707.2 | T8: =SUMIFS('Extra''s'!$F:$F,'Extra''s'!$A:$A,$A8,'Extra''s'!$E:$E,"Ja")*Instellingen!$B$6 -> 0 | U8: =SUMIFS('Extra''s'!$G:$G,'Extra''s'!$A:$A,$A8,'Extra''s'!$E:$E,"Ja")*Instellingen!$B$6 -> 83.2 | V8: =SUMIFS('Extra''s'!$H:$H,'Extra''s'!$A:$A,$A8,'Extra''s'!$E:$E,"Ja")*Instellingen!$B$6 -> 208 | W8: =N8+Q8+T8 -> 3539.64 | X8: =O8+R8+U8 -> 5423.6 | Y8: =P8+S8+V8 -> 9136.4 | Z8: =IF(D8>0,W8/D8,0) -> 114.18194 | AA8: =IF(D8>0,X8/D8,0) -> 174.95484 | AB8: =IF(D8>0,Y8/D8,0) -> 294.72258 | AC8: 4650 | AE8: =IF(AD8="","",AD8-O8)
A9: TW | B9: Taiwan | C9: Taiwan | D9: 14 | E9: =F8 -> 46704 | F9: =E9+D9 -> 46718 | G9: 30 | H9: 20 | I9: 10 | J9: 15 | K9: =(G9*Instellingen!$B$13*Instellingen!$B$7+H9*Instellingen!$B$14+I9*Instellingen!$B$15+J9*Instellingen!$B$16)*Instellingen!$B$6 -> 50.44 | L9: =(G9*Instellingen!$C$13*Instellingen!$B$7+H9*Instellingen!$C$14+I9*Instellingen!$C$15+J9*Instellingen!$C$16)*Instellingen!$B$6 -> 78 | M9: =(G9*Instellingen!$D$13*Instellingen!$B$7+H9*Instellingen!$D$14+I9*Instellingen!$D$15+J9*Instellingen!$D$16)*Instellingen!$B$6 -> 132.6 | N9: =K9*D9 -> 706.16 | O9: =L9*D9 -> 1092 | P9: =M9*D9 -> 1856.4 | Q9: =SUMIFS(Vervoer!$F:$F,Vervoer!$A:$A,$A9,Vervoer!$D:$D,"<>Internationaal")*Instellingen!$B$6 -> 182 | R9: =SUMIFS(Vervoer!$G:$G,Vervoer!$A:$A,$A9,Vervoer!$D:$D,"<>Internationaal")*Instellingen!$B$6 -> 235.04 | S9: =SUMIFS(Vervoer!$H:$H,Vervoer!$A:$A,$A9,Vervoer!$D:$D,"<>Internationaal")*Instellingen!$B$6 -> 353.6 | T9: =SUMIFS('Extra''s'!$F:$F,'Extra''s'!$A:$A,$A9,'Extra''s'!$E:$E,"Ja")*Instellingen!$B$6 -> 0 | U9: =SUMIFS('Extra''s'!$G:$G,'Extra''s'!$A:$A,$A9,'Extra''s'!$E:$E,"Ja")*Instellingen!$B$6 -> 0 | V9: =SUMIFS('Extra''s'!$H:$H,'Extra''s'!$A:$A,$A9,'Extra''s'!$E:$E,"Ja")*Instellingen!$B$6 -> 0 | W9: =N9+Q9+T9 -> 888.16 | X9: =O9+R9+U9 -> 1327.04 | Y9: =P9+S9+V9 -> 2210 | Z9: =IF(D9>0,W9/D9,0) -> 63.44 | AA9: =IF(D9>0,X9/D9,0) -> 94.788571 | AB9: =IF(D9>0,Y9/D9,0) -> 157.85714 | AC9: 1050 | AE9: =IF(AD9="","",AD9-O9)
A10: VN | B10: Vasteland Zuidoost-Azië | C10: Vietnam | D10: 28 | E10: =F9 -> 46718 | F10: =E10+D10 -> 46746 | G10: 14 | H10: 14 | I10: 6 | J10: 10 | K10: =(G10*Instellingen!$B$13*Instellingen!$B$7+H10*Instellingen!$B$14+I10*Instellingen!$B$15+J10*Instellingen!$B$16)*Instellingen!$B$6 -> 29.848 | L10: =(G10*Instellingen!$C$13*Instellingen!$B$7+H10*Instellingen!$C$14+I10*Instellingen!$C$15+J10*Instellingen!$C$16)*Instellingen!$B$6 -> 45.76 | M10: =(G10*Instellingen!$D$13*Instellingen!$B$7+H10*Instellingen!$D$14+I10*Instellingen!$D$15+J10*Instellingen!$D$16)*Instellingen!$B$6 -> 75.92 | N10: =K10*D10 -> 835.744 | O10: =L10*D10 -> 1281.28 | P10: =M10*D10 -> 2125.76 | Q10: =SUMIFS(Vervoer!$F:$F,Vervoer!$A:$A,$A10,Vervoer!$D:$D,"<>Internationaal")*Instellingen!$B$6 -> 192.4 | R10: =SUMIFS(Vervoer!$G:$G,Vervoer!$A:$A,$A10,Vervoer!$D:$D,"<>Internationaal")*Instellingen!$B$6 -> 257.92 | S10: =SUMIFS(Vervoer!$H:$H,Vervoer!$A:$A,$A10,Vervoer!$D:$D,"<>Internationaal")*Instellingen!$B$6 -> 379.6 | T10: =SUMIFS('Extra''s'!$F:$F,'Extra''s'!$A:$A,$A10,'Extra''s'!$E:$E,"Ja")*Instellingen!$B$6 -> 317.2 | U10: =SUMIFS('Extra''s'!$G:$G,'Extra''s'!$A:$A,$A10,'Extra''s'!$E:$E,"Ja")*Instellingen!$B$6 -> 405.6 | V10: =SUMIFS('Extra''s'!$H:$H,'Extra''s'!$A:$A,$A10,'Extra''s'!$E:$E,"Ja")*Instellingen!$B$6 -> 572 | W10: =N10+Q10+T10 -> 1345.344 | X10: =O10+R10+U10 -> 1944.8 | Y10: =P10+S10+V10 -> 3077.36 | Z10: =IF(D10>0,W10/D10,0) -> 48.048 | AA10: =IF(D10>0,X10/D10,0) -> 69.457143 | AB10: =IF(D10>0,Y10/D10,0) -> 109.90571 | AC10: 1235 | AE10: =IF(AD10="","",AD10-O10)
A11: KH | B11: Vasteland Zuidoost-Azië | C11: Cambodja | D11: 11 | E11: =F10 -> 46746 | F11: =E11+D11 -> 46757 | G11: 14 | H11: 14 | I11: 6 | J11: 10 | K11: =(G11*Instellingen!$B$13*Instellingen!$B$7+H11*Instellingen!$B$14+I11*Instellingen!$B$15+J11*Instellingen!$B$16)*Instellingen!$B$6 -> 29.848 | L11: =(G11*Instellingen!$C$13*Instellingen!$B$7+H11*Instellingen!$C$14+I11*Instellingen!$C$15+J11*Instellingen!$C$16)*Instellingen!$B$6 -> 45.76 | M11: =(G11*Instellingen!$D$13*Instellingen!$B$7+H11*Instellingen!$D$14+I11*Instellingen!$D$15+J11*Instellingen!$D$16)*Instellingen!$B$6 -> 75.92 | N11: =K11*D11 -> 328.328 | O11: =L11*D11 -> 503.36 | P11: =M11*D11 -> 835.12 | Q11: =SUMIFS(Vervoer!$F:$F,Vervoer!$A:$A,$A11,Vervoer!$D:$D,"<>Internationaal")*Instellingen!$B$6 -> 46.8 | R11: =SUMIFS(Vervoer!$G:$G,Vervoer!$A:$A,$A11,Vervoer!$D:$D,"<>Internationaal")*Instellingen!$B$6 -> 67.6 | S11: =SUMIFS(Vervoer!$H:$H,Vervoer!$A:$A,$A11,Vervoer!$D:$D,"<>Internationaal")*Instellingen!$B$6 -> 119.6 | T11: =SUMIFS('Extra''s'!$F:$F,'Extra''s'!$A:$A,$A11,'Extra''s'!$E:$E,"Ja")*Instellingen!$B$6 -> 136.24 | U11: =SUMIFS('Extra''s'!$G:$G,'Extra''s'!$A:$A,$A11,'Extra''s'!$E:$E,"Ja")*Instellingen!$B$6 -> 159.12 | V11: =SUMIFS('Extra''s'!$H:$H,'Extra''s'!$A:$A,$A11,'Extra''s'!$E:$E,"Ja")*Instellingen!$B$6 -> 179.92 | W11: =N11+Q11+T11 -> 511.368 | X11: =O11+R11+U11 -> 730.08 | Y11: =P11+S11+V11 -> 1134.64 | Z11: =IF(D11>0,W11/D11,0) -> 46.488 | AA11: =IF(D11>0,X11/D11,0) -> 66.370909 | AB11: =IF(D11>0,Y11/D11,0) -> 103.14909 | AC11: 480 | AE11: =IF(AD11="","",AD11-O11)
A12: LA | B12: Vasteland Zuidoost-Azië | C12: Laos | D12: 14 | E12: =F11 -> 46757 | F12: =E12+D12 -> 46771 | G12: 14 | H12: 14 | I12: 6 | J12: 10 | K12: =(G12*Instellingen!$B$13*Instellingen!$B$7+H12*Instellingen!$B$14+I12*Instellingen!$B$15+J12*Instellingen!$B$16)*Instellingen!$B$6 -> 29.848 | L12: =(G12*Instellingen!$C$13*Instellingen!$B$7+H12*Instellingen!$C$14+I12*Instellingen!$C$15+J12*Instellingen!$C$16)*Instellingen!$B$6 -> 45.76 | M12: =(G12*Instellingen!$D$13*Instellingen!$B$7+H12*Instellingen!$D$14+I12*Instellingen!$D$15+J12*Instellingen!$D$16)*Instellingen!$B$6 -> 75.92 | N12: =K12*D12 -> 417.872 | O12: =L12*D12 -> 640.64 | P12: =M12*D12 -> 1062.88 | Q12: =SUMIFS(Vervoer!$F:$F,Vervoer!$A:$A,$A12,Vervoer!$D:$D,"<>Internationaal")*Instellingen!$B$6 -> 98.8 | R12: =SUMIFS(Vervoer!$G:$G,Vervoer!$A:$A,$A12,Vervoer!$D:$D,"<>Internationaal")*Instellingen!$B$6 -> 140.4 | S12: =SUMIFS(Vervoer!$H:$H,Vervoer!$A:$A,$A12,Vervoer!$D:$D,"<>Internationaal")*Instellingen!$B$6 -> 234 | T12: =SUMIFS('Extra''s'!$F:$F,'Extra''s'!$A:$A,$A12,'Extra''s'!$E:$E,"Ja")*Instellingen!$B$6 -> 27.04 | U12: =SUMIFS('Extra''s'!$G:$G,'Extra''s'!$A:$A,$A12,'Extra''s'!$E:$E,"Ja")*Instellingen!$B$6 -> 36.4 | V12: =SUMIFS('Extra''s'!$H:$H,'Extra''s'!$A:$A,$A12,'Extra''s'!$E:$E,"Ja")*Instellingen!$B$6 -> 44.72 | W12: =N12+Q12+T12 -> 543.712 | X12: =O12+R12+U12 -> 817.44 | Y12: =P12+S12+V12 -> 1341.6 | Z12: =IF(D12>0,W12/D12,0) -> 38.836571 | AA12: =IF(D12>0,X12/D12,0) -> 58.388571 | AB12: =IF(D12>0,Y12/D12,0) -> 95.828571 | AC12: 615 | AE12: =IF(AD12="","",AD12-O12)
A13: TH | B13: Vasteland Zuidoost-Azië | C13: Thailand | D13: 24 | E13: =F12 -> 46771 | F13: =E13+D13 -> 46795 | G13: 17 | H13: 15 | I13: 7 | J13: 11 | K13: =(G13*Instellingen!$B$13*Instellingen!$B$7+H13*Instellingen!$B$14+I13*Instellingen!$B$15+J13*Instellingen!$B$16)*Instellingen!$B$6 -> 33.852 | L13: =(G13*Instellingen!$C$13*Instellingen!$B$7+H13*Instellingen!$C$14+I13*Instellingen!$C$15+J13*Instellingen!$C$16)*Instellingen!$B$6 -> 52 | M13: =(G13*Instellingen!$D$13*Instellingen!$B$7+H13*Instellingen!$D$14+I13*Instellingen!$D$15+J13*Instellingen!$D$16)*Instellingen!$B$6 -> 86.84 | N13: =K13*D13 -> 812.448 | O13: =L13*D13 -> 1248 | P13: =M13*D13 -> 2084.16 | Q13: =SUMIFS(Vervoer!$F:$F,Vervoer!$A:$A,$A13,Vervoer!$D:$D,"<>Internationaal")*Instellingen!$B$6 -> 156 | R13: =SUMIFS(Vervoer!$G:$G,Vervoer!$A:$A,$A13,Vervoer!$D:$D,"<>Internationaal")*Instellingen!$B$6 -> 213.2 | S13: =SUMIFS(Vervoer!$H:$H,Vervoer!$A:$A,$A13,Vervoer!$D:$D,"<>Internationaal")*Instellingen!$B$6 -> 338 | T13: =SUMIFS('Extra''s'!$F:$F,'Extra''s'!$A:$A,$A13,'Extra''s'!$E:$E,"Ja")*Instellingen!$B$6 -> 72.8 | U13: =SUMIFS('Extra''s'!$G:$G,'Extra''s'!$A:$A,$A13,'Extra''s'!$E:$E,"Ja")*Instellingen!$B$6 -> 98.8 | V13: =SUMIFS('Extra''s'!$H:$H,'Extra''s'!$A:$A,$A13,'Extra''s'!$E:$E,"Ja")*Instellingen!$B$6 -> 156 | W13: =N13+Q13+T13 -> 1041.248 | X13: =O13+R13+U13 -> 1560 | Y13: =P13+S13+V13 -> 2578.16 | Z13: =IF(D13>0,W13/D13,0) -> 43.385333 | AA13: =IF(D13>0,X13/D13,0) -> 65 | AB13: =IF(D13>0,Y13/D13,0) -> 107.42333 | AC13: 1200 | AE13: =IF(AD13="","",AD13-O13)
A14: MY-W | B14: Maleisië, Borneo & Filipijnen | C14: Maleisië (schiereiland) | D14: 7 | E14: =F13 -> 46795 | F14: =E14+D14 -> 46802 | G14: 18 | H14: 14 | I14: 7 | J14: 11 | K14: =(G14*Instellingen!$B$13*Instellingen!$B$7+H14*Instellingen!$B$14+I14*Instellingen!$B$15+J14*Instellingen!$B$16)*Instellingen!$B$6 -> 33.696 | L14: =(G14*Instellingen!$C$13*Instellingen!$B$7+H14*Instellingen!$C$14+I14*Instellingen!$C$15+J14*Instellingen!$C$16)*Instellingen!$B$6 -> 52 | M14: =(G14*Instellingen!$D$13*Instellingen!$B$7+H14*Instellingen!$D$14+I14*Instellingen!$D$15+J14*Instellingen!$D$16)*Instellingen!$B$6 -> 87.36 | N14: =K14*D14 -> 235.872 | O14: =L14*D14 -> 364 | P14: =M14*D14 -> 611.52 | Q14: =SUMIFS(Vervoer!$F:$F,Vervoer!$A:$A,$A14,Vervoer!$D:$D,"<>Internationaal")*Instellingen!$B$6 -> 72.8 | R14: =SUMIFS(Vervoer!$G:$G,Vervoer!$A:$A,$A14,Vervoer!$D:$D,"<>Internationaal")*Instellingen!$B$6 -> 98.8 | S14: =SUMIFS(Vervoer!$H:$H,Vervoer!$A:$A,$A14,Vervoer!$D:$D,"<>Internationaal")*Instellingen!$B$6 -> 161.2 | T14: =SUMIFS('Extra''s'!$F:$F,'Extra''s'!$A:$A,$A14,'Extra''s'!$E:$E,"Ja")*Instellingen!$B$6 -> 0 | U14: =SUMIFS('Extra''s'!$G:$G,'Extra''s'!$A:$A,$A14,'Extra''s'!$E:$E,"Ja")*Instellingen!$B$6 -> 0 | V14: =SUMIFS('Extra''s'!$H:$H,'Extra''s'!$A:$A,$A14,'Extra''s'!$E:$E,"Ja")*Instellingen!$B$6 -> 0 | W14: =N14+Q14+T14 -> 308.672 | X14: =O14+R14+U14 -> 462.8 | Y14: =P14+S14+V14 -> 772.72 | Z14: =IF(D14>0,W14/D14,0) -> 44.096 | AA14: =IF(D14>0,X14/D14,0) -> 66.114286 | AB14: =IF(D14>0,Y14/D14,0) -> 110.38857 | AC14: 350 | AE14: =IF(AD14="","",AD14-O14)
A15: MY-SW | B15: Maleisië, Borneo & Filipijnen | C15: Maleisië (Sarawak) | D15: 5 | E15: =F14 -> 46802 | F15: =E15+D15 -> 46807 | G15: 20 | H15: 14 | I15: 8 | J15: 13 | K15: =(G15*Instellingen!$B$13*Instellingen!$B$7+H15*Instellingen!$B$14+I15*Instellingen!$B$15+J15*Instellingen!$B$16)*Instellingen!$B$6 -> 36.816 | L15: =(G15*Instellingen!$C$13*Instellingen!$B$7+H15*Instellingen!$C$14+I15*Instellingen!$C$15+J15*Instellingen!$C$16)*Instellingen!$B$6 -> 57.2 | M15: =(G15*Instellingen!$D$13*Instellingen!$B$7+H15*Instellingen!$D$14+I15*Instellingen!$D$15+J15*Instellingen!$D$16)*Instellingen!$B$6 -> 96.2 | N15: =K15*D15 -> 184.08 | O15: =L15*D15 -> 286 | P15: =M15*D15 -> 481 | Q15: =SUMIFS(Vervoer!$F:$F,Vervoer!$A:$A,$A15,Vervoer!$D:$D,"<>Internationaal")*Instellingen!$B$6 -> 36.4 | R15: =SUMIFS(Vervoer!$G:$G,Vervoer!$A:$A,$A15,Vervoer!$D:$D,"<>Internationaal")*Instellingen!$B$6 -> 46.8 | S15: =SUMIFS(Vervoer!$H:$H,Vervoer!$A:$A,$A15,Vervoer!$D:$D,"<>Internationaal")*Instellingen!$B$6 -> 62.4 | T15: =SUMIFS('Extra''s'!$F:$F,'Extra''s'!$A:$A,$A15,'Extra''s'!$E:$E,"Ja")*Instellingen!$B$6 -> 0 | U15: =SUMIFS('Extra''s'!$G:$G,'Extra''s'!$A:$A,$A15,'Extra''s'!$E:$E,"Ja")*Instellingen!$B$6 -> 0 | V15: =SUMIFS('Extra''s'!$H:$H,'Extra''s'!$A:$A,$A15,'Extra''s'!$E:$E,"Ja")*Instellingen!$B$6 -> 0 | W15: =N15+Q15+T15 -> 220.48 | X15: =O15+R15+U15 -> 332.8 | Y15: =P15+S15+V15 -> 543.4 | Z15: =IF(D15>0,W15/D15,0) -> 44.096 | AA15: =IF(D15>0,X15/D15,0) -> 66.56 | AB15: =IF(D15>0,Y15/D15,0) -> 108.68 | AC15: 275 | AE15: =IF(AD15="","",AD15-O15)
A16: BN | B16: Maleisië, Borneo & Filipijnen | C16: Brunei | D16: 4 | E16: =F15 -> 46807 | F16: =E16+D16 -> 46811 | G16: 45 | H16: 20 | I16: 25 | J16: 30 | K16: =(G16*Instellingen!$B$13*Instellingen!$B$7+H16*Instellingen!$B$14+I16*Instellingen!$B$15+J16*Instellingen!$B$16)*Instellingen!$B$6 -> 80.08 | L16: =(G16*Instellingen!$C$13*Instellingen!$B$7+H16*Instellingen!$C$14+I16*Instellingen!$C$15+J16*Instellingen!$C$16)*Instellingen!$B$6 -> 124.8 | M16: =(G16*Instellingen!$D$13*Instellingen!$B$7+H16*Instellingen!$D$14+I16*Instellingen!$D$15+J16*Instellingen!$D$16)*Instellingen!$B$6 -> 210.6 | N16: =K16*D16 -> 320.32 | O16: =L16*D16 -> 499.2 | P16: =M16*D16 -> 842.4 | Q16: =SUMIFS(Vervoer!$F:$F,Vervoer!$A:$A,$A16,Vervoer!$D:$D,"<>Internationaal")*Instellingen!$B$6 -> 26 | R16: =SUMIFS(Vervoer!$G:$G,Vervoer!$A:$A,$A16,Vervoer!$D:$D,"<>Internationaal")*Instellingen!$B$6 -> 31.2 | S16: =SUMIFS(Vervoer!$H:$H,Vervoer!$A:$A,$A16,Vervoer!$D:$D,"<>Internationaal")*Instellingen!$B$6 -> 46.8 | T16: =SUMIFS('Extra''s'!$F:$F,'Extra''s'!$A:$A,$A16,'Extra''s'!$E:$E,"Ja")*Instellingen!$B$6 -> 98.8 | U16: =SUMIFS('Extra''s'!$G:$G,'Extra''s'!$A:$A,$A16,'Extra''s'!$E:$E,"Ja")*Instellingen!$B$6 -> 124.8 | V16: =SUMIFS('Extra''s'!$H:$H,'Extra''s'!$A:$A,$A16,'Extra''s'!$E:$E,"Ja")*Instellingen!$B$6 -> 156 | W16: =N16+Q16+T16 -> 445.12 | X16: =O16+R16+U16 -> 655.2 | Y16: =P16+S16+V16 -> 1045.2 | Z16: =IF(D16>0,W16/D16,0) -> 111.28 | AA16: =IF(D16>0,X16/D16,0) -> 163.8 | AB16: =IF(D16>0,Y16/D16,0) -> 261.3 | AC16: 480 | AE16: =IF(AD16="","",AD16-O16)
A17: MY-SB | B17: Maleisië, Borneo & Filipijnen | C17: Maleisië (Sabah) | D17: 9 | E17: =F16 -> 46811 | F17: =E17+D17 -> 46820 | G17: 22 | H17: 15 | I17: 10 | J17: 18 | K17: =(G17*Instellingen!$B$13*Instellingen!$B$7+H17*Instellingen!$B$14+I17*Instellingen!$B$15+J17*Instellingen!$B$16)*Instellingen!$B$6 -> 43.108 | L17: =(G17*Instellingen!$C$13*Instellingen!$B$7+H17*Instellingen!$C$14+I17*Instellingen!$C$15+J17*Instellingen!$C$16)*Instellingen!$B$6 -> 67.6 | M17: =(G17*Instellingen!$D$13*Instellingen!$B$7+H17*Instellingen!$D$14+I17*Instellingen!$D$15+J17*Instellingen!$D$16)*Instellingen!$B$6 -> 112.84 | N17: =K17*D17 -> 387.972 | O17: =L17*D17 -> 608.4 | P17: =M17*D17 -> 1015.56 | Q17: =SUMIFS(Vervoer!$F:$F,Vervoer!$A:$A,$A17,Vervoer!$D:$D,"<>Internationaal")*Instellingen!$B$6 -> 114.4 | R17: =SUMIFS(Vervoer!$G:$G,Vervoer!$A:$A,$A17,Vervoer!$D:$D,"<>Internationaal")*Instellingen!$B$6 -> 166.4 | S17: =SUMIFS(Vervoer!$H:$H,Vervoer!$A:$A,$A17,Vervoer!$D:$D,"<>Internationaal")*Instellingen!$B$6 -> 270.4 | T17: =SUMIFS('Extra''s'!$F:$F,'Extra''s'!$A:$A,$A17,'Extra''s'!$E:$E,"Ja")*Instellingen!$B$6 -> 104 | U17: =SUMIFS('Extra''s'!$G:$G,'Extra''s'!$A:$A,$A17,'Extra''s'!$E:$E,"Ja")*Instellingen!$B$6 -> 156 | V17: =SUMIFS('Extra''s'!$H:$H,'Extra''s'!$A:$A,$A17,'Extra''s'!$E:$E,"Ja")*Instellingen!$B$6 -> 353.6 | W17: =N17+Q17+T17 -> 606.372 | X17: =O17+R17+U17 -> 930.8 | Y17: =P17+S17+V17 -> 1639.56 | Z17: =IF(D17>0,W17/D17,0) -> 67.374667 | AA17: =IF(D17>0,X17/D17,0) -> 103.42222 | AB17: =IF(D17>0,Y17/D17,0) -> 182.17333 | AC17: 585 | AE17: =IF(AD17="","",AD17-O17)
... A21: SG | B21: Singapore | C21: Singapore | D21: 4 | E21: =F20 -> 46900 | F21: =E21+D21 -> 46904 | G21: 50 | H21: 30 | I21: 10 | J21: 35 | K21: =(G21*Instellingen!$B$13*Instellingen!$B$7+H21*Instellingen!$B$14+I21*Instellingen!$B$15+J21*Instellingen!$B$16)*Instellingen!$B$6 -> 81.12 | L21: =(G21*Instellingen!$C$13*Instellingen!$B$7+H21*Instellingen!$C$14+I21*Instellingen!$C$15+J21*Instellingen!$C$16)*Instellingen!$B$6 -> 130 | M21: =(G21*Instellingen!$D$13*Instellingen!$B$7+H21*Instellingen!$D$14+I21*Instellingen!$D$15+J21*Instellingen!$D$16)*Instellingen!$B$6 -> 221 | N21: =K21*D21 -> 324.48 | O21: =L21*D21 -> 520 | P21: =M21*D21 -> 884 | Q21: =SUMIFS(Vervoer!$F:$F,Vervoer!$A:$A,$A21,Vervoer!$D:$D,"<>Internationaal")*Instellingen!$B$6 -> 0 | R21: =SUMIFS(Vervoer!$G:$G,Vervoer!$A:$A,$A21,Vervoer!$D:$D,"<>Internationaal")*Instellingen!$B$6 -> 0 | S21: =SUMIFS(Vervoer!$H:$H,Vervoer!$A:$A,$A21,Vervoer!$D:$D,"<>Internationaal")*Instellingen!$B$6 -> 0 | T21: =SUMIFS('Extra''s'!$F:$F,'Extra''s'!$A:$A,$A21,'Extra''s'!$E:$E,"Ja")*Instellingen!$B$6 -> 0 | U21: =SUMIFS('Extra''s'!$G:$G,'Extra''s'!$A:$A,$A21,'Extra''s'!$E:$E,"Ja")*Instellingen!$B$6 -> 0 | V21: =SUMIFS('Extra''s'!$H:$H,'Extra''s'!$A:$A,$A21,'Extra''s'!$E:$E,"Ja")*Instellingen!$B$6 -> 0 | W21: =N21+Q21+T21 -> 324.48 | X21: =O21+R21+U21 -> 520 | Y21: =P21+S21+V21 -> 884 | Z21: =IF(D21>0,W21/D21,0) -> 81.12 | AA21: =IF(D21>0,X21/D21,0) -> 130 | AB21: =IF(D21>0,Y21/D21,0) -> 221 | AC21: 500 | AE21: =IF(AD21="","",AD21-O21)
A22: Totaal | D22: =SUM(D5:D21) -> 290 | F22: =F21 -> 46904 | N22: =SUM(N5:N21) -> 12650.872 | O22: =SUM(O5:O21) -> 19443.84 | P22: =SUM(P5:P21) -> 32731.92 | Q22: =SUM(Q5:Q21) -> 3187.6 | R22: =SUM(R5:R21) -> 4280.64 | S22: =SUM(S5:S21) -> 6354.4 | T22: =SUM(T5:T21) -> 2303.6 | U22: =SUM(U5:U21) -> 3240.64 | ... Y22: =SUM(Y5:Y21) -> 44318.56 | Z22: =IF(D22>0,W22/D22,0) -> 62.558869 | AA22: =IF(D22>0,X22/D22,0) -> 92.983172 | AB22: =IF(D22>0,Y22/D22,0) -> 152.82262 | AC22: =SUM(AC5:AC21) -> 18700 | AD22: =SUM(AD5:AD21) -> 0

Sheet Vervoer
A1: Vervoer — binnen landen, tussen landen en de vluchten heen/terug (per persoon, prijzen okt 2026)
A2: Blok = het land waar je vertrekt. Soort: Binnenlands / Tussen landen / Internationaal (NL heen/terug). Budget = goedkoopste klasse/vroeg boeken · Comfort = hogere klasse/flexibel ticket.
A4: Blok | B4: Van | C4: Naar | D4: Soort | E4: Vervoermiddel | F4: Budget | G4: Basis | H4: Comfort | I4: Status prijs | J4: WERKELIJK betaald | K4: Toelichting / bron
A5: MN | B5: Amsterdam | C5: Ulaanbaatar | D5: Internationaal | E5: Vlucht enkele reis (Turkish via Istanbul) | F5: 450 | G5: 560 | H5: 750 | I5: Deels gecheckt | K5: Gem. enkele reis ±$529 (farecompare); Turkish UBN-AMS $516-627. Fares voor aug 2027 nog niet gepubliceerd. Boek 3-5 mnd vooruit.
A6: MN | B6: Ulaanbaatar | C6: Mörön (Khövsgöl) | D6: Binnenlands | E6: Binnenlandse vlucht retour | F6: 200 | G6: 240 | H6: 310 | I6: Gecheckt 2026-10 | K6: $113-230 enkele reis (Expedia/Skyscanner); voor buitenlanders soms duurder.
A7: MN | B7: Ulaanbaatar | C7: Kharkhorin / Terelj | D7: Binnenlands | E7: Bus / gedeelde minivan | F7: 30 | G7: 45 | H7: 80 | I7: Schatting | K7: ±30.000 MNT (Kharkhorin) en ±12.000 MNT (Terelj) per rit. Gobi-tour zelf staat bij Extra's.
A8: MN | B8: Ulaanbaatar | C8: Beijing | D8: Tussen landen | E8: Trans-Mongolië trein K24 (hard / soft sleeper) | F8: 130 | G8: 160 | H8: 250 | I8: Schatting | K8: Oude (ongedateerde) tarieven CNY 1.310 hard / 2.041 soft. Rijdt 1x per week (K24 vertrekt donderdag) — plan de Mongolië-datum hierop. Boek via eticket.ubtz.mn of 12306.
A9: CN | B9: Beijing | C9: Qingdao (via Pingyao, Xi'an, Chengdu, Zhangjiajie, Guilin, Huangshan, Hangzhou, Shanghai) | D9: Binnenlands | E9: ±10 hogesnelheidstreinen 2e klas (Comfort = 1e klas) | F9: 250 | G9: 320 | H9: 500 | I9: Deels gecheckt | K9: ±CNY 2.480 aan 2e-klas-trajecten; gecheckt: Xi'an-Chengdu ¥263, Hangzhou-Shanghai ¥73. Golden Week (1-7 okt) vroeg boeken.
A10: CN | B10: Qingdao | C10: Incheon | D10: Tussen landen | E10: Trein naar Weihai + nachtferry Weihai–Incheon | F10: 100 | G10: 130 | H10: 190 | I10: Deels gecheckt | K10: Ferry ₩140k economy t/m ₩240k deluxe (Rome2Rio, ongedateerd) + trein ±€10-15. Vaart ±dagelijks; dienstregeling vooraf checken.
A11: KR | B11: Seoul | C11: Busan (via Gyeongju) | D11: Binnenlands | E11: KTX + metro/bus | F11: 30 | G11: 57 | H11: 95 | I11: Gecheckt 2026-10 | K11: KTX Seoul-Singyeongju ±₩45k + Singyeongju-Busan ±₩16k; express bus Seoul-Busan ₩24-28k (Budget).
A12: KR | B12: Busan | C12: Fukuoka | D12: Tussen landen | E12: Camellia Line nachtferry | F12: 50 | G12: 75 | H12: 130 | I12: Gecheckt 2026-10 | K12: Ferryscanner (mei 2026): €48-150. 3-6x per week.
A13: JP | B13: Fukuoka | C13: Osaka (via Hiroshima, Hakone, Tokyo, Nikko, Alpen, Kanazawa, Kyoto, Nara) | D13: Binnenlands | E13: Shinkansen + regionale passen + bussen | F13: 270 | G13: 370 | H13: 490 | I13: Deels gecheckt | K13: Hakone Freepass ¥7.100 en Nikko pass ¥3.000 gecheckt; rest losse tickets. JR Pass NIET zinvol (7 dagen ¥53.000 vanaf okt 2026). Takayama-Hokuriku pass (¥19.800) alleen rendabel met shinkansen Tokyo-Nagoya. Budget = nachtbussen.
A14: JP | B14: Osaka (Kansai) | C14: Taipei | D14: Tussen landen | E14: Budgetvlucht incl. bagage (Peach/Jetstar/Tigerair) | F14: 80 | G14: 115 | H14: 190 | I14: Schatting | K14: Niet hard gevonden; bagage bij Peach kost extra.
A15: TW | B15: Taipei | C15: Kenting | D15: Binnenlands | E15: HSR / trein / bus + Alishan-treintje | F15: 90 | G15: 111 | H15: 170 | I15: Deels gecheckt | K15: Alishan Forest Railway NT$150 gecheckt; Taiwan Railway-tarieven +27% in 2025, HSR bevroren tot 2028. Rest geschat.
A16: TW | B16: Kaohsiung | C16: Hanoi | D16: Tussen landen | E16: Bus Kenting–Kaohsiung + directe vlucht naar Hanoi | F16: 85 | G16: 115 | H16: 170 | I16: Gecheckt 2026-10 | K16: Vlucht $75-138 (Skyscanner), VietJet 7x/week + Vietnam Airlines ±10x/week; bus ±€8-10.
... A37: SG | B37: Singapore | C37: Amsterdam | D37: Internationaal | E37: Vlucht enkele reis | F37: 350 | G37: 470 | H37: 700 | I37: Deels gecheckt | K37: Vanaf S$511 enkele reis (Cheapflights, apr 2026); mei is de goedkoopste maand.
A39: Totaal (excl. prijsstijging) | F39: =SUM(F5:F37) -> 3865 | G39: =SUM(G5:G37) -> 5146 | H39: =SUM(H5:H37) -> 7560 | J39: =SUM(J5:J37) -> 0

Sheet Extra's
A1: Extra's — tours, toegang en visa die NIET in het dagbedrag zitten (per persoon, prijzen okt 2026)
A2: Zet 'Meenemen' op Ja/Nee om een post mee te tellen. Optionele posten staan standaard op Nee.
A4: Blok | B4: Omschrijving | C4: Categorie | D4: Optioneel? | E4: Meenemen | F4: Budget | G4: Basis | H4: Comfort | I4: Status prijs | J4: WERKELIJK betaald | K4: Toelichting / bron
A5: MN | B5: Gobi-jeeptour (±6 dagen, gedeelde 4x4 + gids + ger camps) | C5: Tour | D5: Nee | E5: Ja | F5: 550 | G5: 700 | H5: 1000 | I5: Gecheckt 2026-10 | K5: Aanbieders $1.017-1.377 p.p. voor 6 dagen; ±$120/dag. Goedkoper met een hostelgroep van 5-6.
A6: CN | B6: Toeristenvisum (L) incl. servicekosten | C6: Visum | D6: Nee | E6: Ja | F6: 130 | G6: 150 | H6: 180 | I6: Schatting | K6: 35 dagen > 30 dagen visumvrij → visum nodig (of China inkorten tot 30 d). De visumvrije regeling loopt bovendien t/m 31-12-2026. Tarief niet gevonden.
A7: CN | B7: Grote toegangskaarten (Muur, Terracotta, Zhangjiajie, Huangshan + kabelbaan, Li-rivier) | C7: Toegang | D7: Nee | E7: Ja | F7: 150 | G7: 200 | H7: 280 | I7: Deels gecheckt | K7: Mutianyu ¥45 + kabelbaan ¥140 gecheckt; rest geschat.
A8: CN | B8: Overnachting op de top van Huangshan (meerprijs) | C8: Tour | D8: Ja | E8: Ja | F8: 0 | G8: 60 | H8: 150 | I8: Schatting | K8: Niet opgezocht.
A9: KR | B9: DMZ-tour vanuit Seoul | C9: Tour | D9: Nee | E9: Ja | F9: 30 | G9: 45 | H9: 75 | I9: Gecheckt 2026-10 | K9: Halve dag ₩50-70k; met JSA ₩100-130k (JSA soms gesloten).
A10: JP | B10: 1x ryokan met onsen + diner (meerprijs) | C10: Tour | D10: Ja | E10: Ja | F10: 0 | G10: 80 | H10: 200 | I10: Schatting | K10: Niet opgezocht.
A11: VN | B11: Ha Giang Loop met easy rider (4 dagen) | C11: Tour | D11: Nee | E11: Ja | F11: 180 | G11: 230 | H11: 330 | I11: Gecheckt 2026-10 | K11: 2026: $210-280 voor 4 dagen; brandstof/eten deels extra.
A12: VN | B12: Ha Long / Lan Ha Bay cruise 2D1N | C12: Tour | D12: Nee | E12: Ja | F12: 125 | G12: 160 | H12: 220 | I12: Gecheckt 2026-10 | K12: $145-255; transfer Hanoi ±$25 extra, eenpersoonstoeslag ±$80.
A13: KH | B13: Visum (e-visa) | C13: Visum | D13: Nee | E13: Ja | F13: 26 | G13: 30 | H13: 30 | I13: Gecheckt 2026-10 | K13: E-visa $30 sinds 1-1-2025; ordinary visa $35.
A14: KH | B14: Angkor 3-dagenpas | C14: Toegang | D14: Nee | E14: Ja | F14: 53 | G14: 53 | H14: 53 | I14: Gecheckt 2026-10 | K14: $62, geldig 3 dagen binnen 7.
A15: KH | B15: Tuktuk Angkor (3 dagen) | C15: Tour | D15: Nee | E15: Ja | F15: 52 | G15: 70 | H15: 90 | I15: Gecheckt 2026-10 | K15: $20-35 per dag.
A16: LA | B16: Visum (e-visa / visa on arrival) | C16: Visum | D16: Nee | E16: Ja | F16: 26 | G16: 35 | H16: 43 | I16: Deels gecheckt | K16: Bronnen spreken elkaar tegen: VoA $30-42, e-visa $30-55 (laoevisa.gov.la).
... A31: TL | B31: Vervoer naar Jaco Island (bus+boot of 4x4 gedeeld) | C31: Tour | D31: Nee | E31: Ja | F31: 25 | G31: 100 | H31: 150 | I31: Schatting | K31: Bus ±$25 retour + boot $10-20; 4x4-prijs niet gevonden.
A33: Totaal meegenomen (excl. prijsstijging) | F33: =SUMIFS(F5:F31,$E$5:$E$31,"Ja") -> 2215 | G33: =SUMIFS(G5:G31,$E$5:$E$31,"Ja") -> 3116 | H33: =SUMIFS(H5:H31,$E$5:$E$31,"Ja") -> 5031 | J33: =SUM(J5:J31) -> 0

Sheet Vooraf & vast
A1: Vooraf & vaste lasten — kosten die niet aan een land hangen (per persoon)
A3: Categorie | B3: Post | C3: Budget | D3: Basis | E3: Comfort | F3: Toelichting | G3: WERKELIJK betaald
A4: Verzekering | B4: Wereldreisverzekering (±10 mnd, incl. medische kosten) | C4: 700 | D4: 1000 | E4: 1500 | F4: Deels gecheckt (HelloSafe: 12 mnd wereldreis €700-1.200; Azië €2-5/dag). Vraag echte offertes aan. Gewone doorlopende verzekering dekt max 60-180 dagen (ANWB 60, Univé 180).
A5: Gezondheid | B5: Vaccinaties + consult (GGD) | C5: 430 | D5: 480 | E5: 700 | F5: Gecheckt GGD Flevoland 2026: consult €29,50 · hepatitis A (2x) €68 · buiktyfus €45 · DTP €33 · Japanse encefalitis €160 (check: per prik of hele serie) · rabiës (2x) €95. Deels vergoed via aanvullende verzekering.
A6: Gezondheid | B6: Malariamiddel (stand-by/profylaxe) + reisapotheek | C6: 80 | D6: 140 | E6: 240 | F6: Schatting. Malaria-risico vooral in oost-Indonesië, Papua, grensgebieden Cambodja/Laos.
A7: Uitrusting | B7: Rugzak, kleding (ook warm voor Mongolië/Japan), regenjas, klamboe, adapter | C7: 250 | D7: 500 | E7: 900 | F7: Schatting; deels heb je dit al.
A8: Communicatie | B8: eSIM / lokale simkaarten (±10 mnd) | C8: 120 | D8: 200 | E8: 330 | F8: Deels gecheckt: Airalo Azië ±€32 per 10 GB/30 dagen; lokale simkaarten €5-10/mnd. China: roaming-eSIM nodig.
A9: Documenten | B9: Internationaal rijbewijs + evt. paspoort vernieuwen | C9: 20 | D9: 20 | E9: 100 | F9: Paspoort moet ≥6 mnd geldig zijn bij terugkomst en genoeg lege pagina's hebben (15 landen = veel stempels).
A10: Subtotaal vooraf | C10: =SUM(C4:C9) -> 1600 | D10: =SUM(D4:D9) -> 2340 | E10: =SUM(E4:E9) -> 3770 | G10: =SUM(G4:G9) -> 0
A12: Vaste lasten thuis (€ per maand — vul zelf in, gele cellen)
B13: Zorgverzekering NL | C13: 0 | D13: =C13 -> 0 | E13: =C13 -> 0 | F13: Blijf je ingeschreven in NL? Dan blijft de zorgverzekering verplicht (±€150/mnd). Ben je >8 maanden weg binnen 12 maanden, dan moet je je uitschrijven bij de gemeente → zorgverzekering stopt, en heb je een internationale ziektekostenverzekering nodig.
B14: Huur / hypotheek / onderhuur (netto) | C14: 0 | D14: =C14 -> 0 | E14: =C14 -> 0 | F14: Opzeggen, onderverhuren (mag dat?) of doorbetalen.
B15: Opslag spullen | C15: 0 | D15: =C15 -> 0 | E15: =C15 -> 0 | F15: Self-storage ±€50-120/mnd, of gratis bij familie.
B16: Telefoonabonnement / abonnementen / streaming | C16: 0 | D16: =C16 -> 0 | E16: =C16 -> 0 | F16: Opzeggen of pauzeren waar het kan.
B17: Auto (verzekering, wegenbelasting) / overig | C17: 0 | D17: =C17 -> 0 | E17: =C17 -> 0 | F17: Schorsen bij RDW scheelt wegenbelasting + verzekering.
A18: Per maand | C18: =SUM(C13:C17) -> 0 | D18: =SUM(D13:D17) -> 0 | E18: =SUM(E13:E17) -> 0
A19: × maanden (Instellingen) | C19: =C18*Instellingen!$B$10 -> 0 | D19: =D18*Instellingen!$B$10 -> 0 | E19: =E18*Instellingen!$B$10 -> 0

Sheet Checklist
A1: Waar moet je nog meer aan denken?
A3: FACTOREN DIE HET BUDGET BEPALEN
A4: Reisstijl | B4: Slaapzaal vs. privékamer is de grootste knop: verblijf is 30-45% van je dagbudget.
A5: Alleen of samen | B5: Samen een kamer delen scheelt ±35-40% op verblijf per persoon (Instellingen → accommodatie-factor).
A6: Landenmix | B6: Japan, Singapore, Brunei en Korea zijn 2-3x zo duur als Vietnam/Laos/Indonesië. Een week Japan meer of minder ≈ €1.000.
A7: Tempo | B7: Elke verplaatsing kost geld (vervoer + vaak een duurdere eerste nacht). Langzamer reizen = goedkoper per dag.
A8: Seizoen & feestdagen | B8: Golden Week China (1-7 okt), Japans herfstseizoen, Chinees Nieuwjaar/Tết (eind jan 2028), kerst/nieuwjaar in Thailand → hogere prijzen, eerder boeken.
A9: Wisselkoersen | B9: Yen, yuan en dollar bewegen. 10% duurdere yen = ±€450 meer in Japan.
A10: Prijsstijging | B10: Route-prijzen zijn van 2026; reis is in 2027-28.
A11: Activiteiten | B11: Duiken, trekkings, boottochten en nationale parken maken het verschil tussen €40 en €70 per dag in ZO-Azië.
A12: Alcohol & westers eten | B12: Een paar biertjes per dag kan in Thailand/Filipijnen het eetbudget verdubbelen.
A14: PRAKTISCH & ADMINISTRATIEF (NL)
A15: Uitschrijven gemeente (BRP) | B15: Ben je >8 maanden weg binnen 12 maanden, dan moet je je uitschrijven. Gevolgen: zorgverzekering stopt, je bouwt geen AOW op (vrijwillig bijverzekeren bij SVB kan), toeslagen stoppen, en je doet aangifte met het M-formulier. 290 dagen = ±9,5 maand → dit geldt waarschijnlijk voor jou!
A16: Werk | B16: Sabbatical / onbetaald verlof / ontslag? Pensioenopbouw en WW-rechten checken.
A17: Reisverzekering | B17: Gewone doorlopende reisverzekering dekt vaak maar 60-180 dagen aaneengesloten. Check ook dekking voor brommer/scooter (rijbewijs A vereist!), duiken en landen met oranje reisadvies.
A18: Geld & bankpassen | B18: Minstens 2 passen van verschillende banken + Wise/Revolut, aparte noodpot. Wereldpas aanzetten. Creditcard voor vluchten/hotels.
A19: Noodfonds na terugkomst | B19: Reken op 2-3 maanden vaste lasten als buffer voor als je terug bent (geen inkomen, huur, nieuwe start).
A20: Documenten | B20: Paspoort-geldigheid en lege pagina's, digitale kopieën, internationaal rijbewijs, visumregels vlak voor vertrek opnieuw checken (China-, Mongolië- en Korea-regelingen lopen nu af eind 2026).
A21: Gezondheid | B21: Tandarts-check vooraf, voorraad medicijnen voor 10 maanden (verklaring arts), lenzen/bril reserve.
A22: Reisadviezen | B22: Raja Ampat en de eilanden bij Sabah (Semporna/Sipadan) hadden oranje reisadvies — verzekering dekt daar mogelijk niet.
A23: Spullen thuis | B23: Huur opzeggen/onderverhuren, opslag, post doorsturen, auto schorsen bij RDW, abonnementen pauzeren.
A25: DE REIS ZELF
A26: Duur | B26: Deze route is 290 dagen (±9,5 mnd). Voor een volledig jaar: 2 maanden langer in favoriete landen, of ruimte voor Nepal/India/Sri Lanka (Zuid-Azië) — zie 'India & Himalaya Expedition 🏔️' in YourAtlas.
A27: Rustdagen | B27: Plan bewust 'niets'-dagen en een paar dagen extra per regio voor ziekte/vertraging — die zitten nu niet in de 290 dagen.
A28: Bezoek uit NL | B28: Komt er familie/partner langs? Dan vaak een duurder stuk (hotel, comfortniveau).
A29: Vervangen/kapot | B29: Telefoon, schoenen, rugzak gaan in 10 maanden vaak kapot — de buffer is hiervoor.
